{"Train_RMSE": 0.7608176469802856, "Test_RMSE": 0.992193877696991, "Loss": 80.23080211475899, "_timestamp": 1714982559.853218, "_runtime": 43.07362604141235, "_step": 49, "_wandb": {"runtime": 41}}