{"Train_RMSE": 0.7339354157447815, "Test_RMSE": 0.9921680688858032, "Loss": 196.4009124570353, "_timestamp": 1714982872.1777146, "_runtime": 50.39875555038452, "_step": 49, "_wandb": {"runtime": 49}}