{"Train_RMSE": 0.7477971315383911, "Test_RMSE": 1.400557279586792, "Loss": 64.28516524939218, "_timestamp": 1714982970.0478418, "_runtime": 51.21272587776184, "_step": 49, "_wandb": {"runtime": 48}}