{"Train_RMSE": 0.7389759421348572, "Test_RMSE": 1.391926884651184, "Loss": 430.89766565998355, "_timestamp": 1714983193.4212832, "_runtime": 49.87246632575989, "_step": 49, "_wandb": {"runtime": 48}}